<FlowShopInitialState name="W10-Ex29"><ConfigurationFile name="Example"/><Workers><Worker id="WORKER-1" skill="12" location="STATION-1" releasetime="0"/><Worker id="WORKER-2" skill="99" location="STATION-2" releasetime="0"/><Worker id="WORKER-3" skill="73" location="STATION-3" releasetime="0"/><Worker id="WORKER-4" skill="27" location="STATION-4" releasetime="0"/><Worker id="WORKER-5" skill="16" location="STATION-5" releasetime="0"/><Worker id="WORKER-6" skill="93" location="STATION-6" releasetime="0"/><Worker id="WORKER-7" skill="39" location="STATION-7" releasetime="0"/><Worker id="WORKER-8" skill="65" location="STATION-8" releasetime="0"/><Worker id="WORKER-9" skill="81" location="STATION-9" releasetime="0"/><Worker id="WORKER-10" skill="33" location="STATION-10" releasetime="0"/></Workers><Products><Product id="PRODUCT-1" variant="VARIANT-1"/><Product id="PRODUCT-2" variant="VARIANT-1"/><Product id="PRODUCT-3" variant="VARIANT-1"/><Product id="PRODUCT-4" variant="VARIANT-1"/><Product id="PRODUCT-5" variant="VARIANT-1"/><Product id="PRODUCT-6" variant="VARIANT-1"/><Product id="PRODUCT-7" variant="VARIANT-1"/><Product id="PRODUCT-8" variant="VARIANT-1"/><Product id="PRODUCT-9" variant="VARIANT-1"/><Product id="PRODUCT-10" variant="VARIANT-1"/></Products></FlowShopInitialState>