<FlowShopInitialState name="W10-Ex24"><ConfigurationFile name="Example"/><Workers><Worker id="WORKER-1" skill="48" location="STATION-1" releasetime="0"/><Worker id="WORKER-2" skill="49" location="STATION-2" releasetime="0"/><Worker id="WORKER-3" skill="76" location="STATION-3" releasetime="0"/><Worker id="WORKER-4" skill="61" location="STATION-4" releasetime="0"/><Worker id="WORKER-5" skill="64" location="STATION-5" releasetime="0"/><Worker id="WORKER-6" skill="93" location="STATION-6" releasetime="0"/><Worker id="WORKER-7" skill="64" location="STATION-7" releasetime="0"/><Worker id="WORKER-8" skill="27" location="STATION-8" releasetime="0"/><Worker id="WORKER-9" skill="76" location="STATION-9" releasetime="0"/><Worker id="WORKER-10" skill="23" location="STATION-10" releasetime="0"/></Workers><Products><Product id="PRODUCT-1" variant="VARIANT-1"/><Product id="PRODUCT-2" variant="VARIANT-1"/><Product id="PRODUCT-3" variant="VARIANT-1"/><Product id="PRODUCT-4" variant="VARIANT-1"/><Product id="PRODUCT-5" variant="VARIANT-1"/></Products></FlowShopInitialState>