<FlowShopInitialState name="W20-Ex40"><ConfigurationFile name="Example"/><Workers><Worker id="WORKER-1" skill="68" location="STATION-1" releasetime="0"/><Worker id="WORKER-2" skill="7" location="STATION-2" releasetime="0"/><Worker id="WORKER-3" skill="71" location="STATION-3" releasetime="0"/><Worker id="WORKER-4" skill="1" location="STATION-4" releasetime="0"/><Worker id="WORKER-5" skill="90" location="STATION-5" releasetime="0"/><Worker id="WORKER-6" skill="84" location="STATION-6" releasetime="0"/><Worker id="WORKER-7" skill="24" location="STATION-7" releasetime="0"/><Worker id="WORKER-8" skill="30" location="STATION-8" releasetime="0"/><Worker id="WORKER-9" skill="26" location="STATION-9" releasetime="0"/><Worker id="WORKER-10" skill="68" location="STATION-10" releasetime="0"/><Worker id="WORKER-11" skill="60" location="STATION-11" releasetime="0"/><Worker id="WORKER-12" skill="74" location="STATION-12" releasetime="0"/><Worker id="WORKER-13" skill="85" location="STATION-13" releasetime="0"/><Worker id="WORKER-14" skill="65" location="STATION-14" releasetime="0"/><Worker id="WORKER-15" skill="73" location="STATION-15" releasetime="0"/><Worker id="WORKER-16" skill="57" location="STATION-16" releasetime="0"/><Worker id="WORKER-17" skill="91" location="STATION-17" releasetime="0"/><Worker id="WORKER-18" skill="7" location="STATION-18" releasetime="0"/><Worker id="WORKER-19" skill="3" location="STATION-19" releasetime="0"/><Worker id="WORKER-20" skill="77" location="STATION-20" releasetime="0"/></Workers><Products><Product id="PRODUCT-1" variant="VARIANT-1"/><Product id="PRODUCT-2" variant="VARIANT-1"/><Product id="PRODUCT-3" variant="VARIANT-1"/><Product id="PRODUCT-4" variant="VARIANT-1"/><Product id="PRODUCT-5" variant="VARIANT-1"/><Product id="PRODUCT-6" variant="VARIANT-1"/><Product id="PRODUCT-7" variant="VARIANT-1"/><Product id="PRODUCT-8" variant="VARIANT-1"/><Product id="PRODUCT-9" variant="VARIANT-1"/><Product id="PRODUCT-10" variant="VARIANT-1"/><Product id="PRODUCT-11" variant="VARIANT-1"/><Product id="PRODUCT-12" variant="VARIANT-1"/><Product id="PRODUCT-13" variant="VARIANT-1"/><Product id="PRODUCT-14" variant="VARIANT-1"/><Product id="PRODUCT-15" variant="VARIANT-1"/><Product id="PRODUCT-16" variant="VARIANT-1"/><Product id="PRODUCT-17" variant="VARIANT-1"/><Product id="PRODUCT-18" variant="VARIANT-1"/><Product id="PRODUCT-19" variant="VARIANT-1"/><Product id="PRODUCT-20" variant="VARIANT-1"/></Products></FlowShopInitialState>