<FlowShopConfiguration name="S10-Ex18"><WalkingTimes><WalkingTime start="STATION-1" end="STATION-1" traveltime="0"/><WalkingTime start="STATION-2" end="STATION-1" traveltime="30"/><WalkingTime start="STATION-3" end="STATION-1" traveltime="60"/><WalkingTime start="STATION-4" end="STATION-1" traveltime="90"/><WalkingTime start="STATION-5" end="STATION-1" traveltime="120"/><WalkingTime start="STATION-6" end="STATION-1" traveltime="150"/><WalkingTime start="STATION-7" end="STATION-1" traveltime="180"/><WalkingTime start="STATION-8" end="STATION-1" traveltime="150"/><WalkingTime start="STATION-9" end="STATION-1" traveltime="120"/><WalkingTime start="STATION-10" end="STATION-1" traveltime="90"/><WalkingTime start="STATION-1" end="STATION-2" traveltime="30"/><WalkingTime start="STATION-2" end="STATION-2" traveltime="0"/><WalkingTime start="STATION-3" end="STATION-2" traveltime="30"/><WalkingTime start="STATION-4" end="STATION-2" traveltime="60"/><WalkingTime start="STATION-5" end="STATION-2" traveltime="90"/><WalkingTime start="STATION-6" end="STATION-2" traveltime="120"/><WalkingTime start="STATION-7" end="STATION-2" traveltime="150"/><WalkingTime start="STATION-8" end="STATION-2" traveltime="120"/><WalkingTime start="STATION-9" end="STATION-2" traveltime="90"/><WalkingTime start="STATION-10" end="STATION-2" traveltime="120"/><WalkingTime start="STATION-1" end="STATION-3" traveltime="60"/><WalkingTime start="STATION-2" end="STATION-3" traveltime="30"/><WalkingTime start="STATION-3" end="STATION-3" traveltime="0"/><WalkingTime start="STATION-4" end="STATION-3" traveltime="30"/><WalkingTime start="STATION-5" end="STATION-3" traveltime="60"/><WalkingTime start="STATION-6" end="STATION-3" traveltime="90"/><WalkingTime start="STATION-7" end="STATION-3" traveltime="120"/><WalkingTime start="STATION-8" end="STATION-3" traveltime="90"/><WalkingTime start="STATION-9" end="STATION-3" traveltime="120"/><WalkingTime start="STATION-10" end="STATION-3" traveltime="150"/><WalkingTime start="STATION-1" end="STATION-4" traveltime="90"/><WalkingTime start="STATION-2" end="STATION-4" traveltime="60"/><WalkingTime start="STATION-3" end="STATION-4" traveltime="30"/><WalkingTime start="STATION-4" end="STATION-4" traveltime="0"/><WalkingTime start="STATION-5" end="STATION-4" traveltime="30"/><WalkingTime start="STATION-6" end="STATION-4" traveltime="60"/><WalkingTime start="STATION-7" end="STATION-4" traveltime="90"/><WalkingTime start="STATION-8" end="STATION-4" traveltime="120"/><WalkingTime start="STATION-9" end="STATION-4" traveltime="150"/><WalkingTime start="STATION-10" end="STATION-4" traveltime="180"/><WalkingTime start="STATION-1" end="STATION-5" traveltime="120"/><WalkingTime start="STATION-2" end="STATION-5" traveltime="90"/><WalkingTime start="STATION-3" end="STATION-5" traveltime="60"/><WalkingTime start="STATION-4" end="STATION-5" traveltime="30"/><WalkingTime start="STATION-5" end="STATION-5" traveltime="0"/><WalkingTime start="STATION-6" end="STATION-5" traveltime="30"/><WalkingTime start="STATION-7" end="STATION-5" traveltime="60"/><WalkingTime start="STATION-8" end="STATION-5" traveltime="90"/><WalkingTime start="STATION-9" end="STATION-5" traveltime="120"/><WalkingTime start="STATION-10" end="STATION-5" traveltime="150"/><WalkingTime start="STATION-1" end="STATION-6" traveltime="150"/><WalkingTime start="STATION-2" end="STATION-6" traveltime="120"/><WalkingTime start="STATION-3" end="STATION-6" traveltime="90"/><WalkingTime start="STATION-4" end="STATION-6" traveltime="60"/><WalkingTime start="STATION-5" end="STATION-6" traveltime="30"/><WalkingTime start="STATION-6" end="STATION-6" traveltime="0"/><WalkingTime start="STATION-7" end="STATION-6" traveltime="30"/><WalkingTime start="STATION-8" end="STATION-6" traveltime="60"/><WalkingTime start="STATION-9" end="STATION-6" traveltime="90"/><WalkingTime start="STATION-10" end="STATION-6" traveltime="120"/><WalkingTime start="STATION-1" end="STATION-7" traveltime="180"/><WalkingTime start="STATION-2" end="STATION-7" traveltime="150"/><WalkingTime start="STATION-3" end="STATION-7" traveltime="120"/><WalkingTime start="STATION-4" end="STATION-7" traveltime="90"/><WalkingTime start="STATION-5" end="STATION-7" traveltime="60"/><WalkingTime start="STATION-6" end="STATION-7" traveltime="30"/><WalkingTime start="STATION-7" end="STATION-7" traveltime="0"/><WalkingTime start="STATION-8" end="STATION-7" traveltime="30"/><WalkingTime start="STATION-9" end="STATION-7" traveltime="60"/><WalkingTime start="STATION-10" end="STATION-7" traveltime="90"/><WalkingTime start="STATION-1" end="STATION-8" traveltime="150"/><WalkingTime start="STATION-2" end="STATION-8" traveltime="120"/><WalkingTime start="STATION-3" end="STATION-8" traveltime="90"/><WalkingTime start="STATION-4" end="STATION-8" traveltime="120"/><WalkingTime start="STATION-5" end="STATION-8" traveltime="90"/><WalkingTime start="STATION-6" end="STATION-8" traveltime="60"/><WalkingTime start="STATION-7" end="STATION-8" traveltime="30"/><WalkingTime start="STATION-8" end="STATION-8" traveltime="0"/><WalkingTime start="STATION-9" end="STATION-8" traveltime="30"/><WalkingTime start="STATION-10" end="STATION-8" traveltime="60"/><WalkingTime start="STATION-1" end="STATION-9" traveltime="120"/><WalkingTime start="STATION-2" end="STATION-9" traveltime="90"/><WalkingTime start="STATION-3" end="STATION-9" traveltime="120"/><WalkingTime start="STATION-4" end="STATION-9" traveltime="150"/><WalkingTime start="STATION-5" end="STATION-9" traveltime="120"/><WalkingTime start="STATION-6" end="STATION-9" traveltime="90"/><WalkingTime start="STATION-7" end="STATION-9" traveltime="60"/><WalkingTime start="STATION-8" end="STATION-9" traveltime="30"/><WalkingTime start="STATION-9" end="STATION-9" traveltime="0"/><WalkingTime start="STATION-10" end="STATION-9" traveltime="30"/><WalkingTime start="STATION-1" end="STATION-10" traveltime="90"/><WalkingTime start="STATION-2" end="STATION-10" traveltime="120"/><WalkingTime start="STATION-3" end="STATION-10" traveltime="150"/><WalkingTime start="STATION-4" end="STATION-10" traveltime="180"/><WalkingTime start="STATION-5" end="STATION-10" traveltime="150"/><WalkingTime start="STATION-6" end="STATION-10" traveltime="120"/><WalkingTime start="STATION-7" end="STATION-10" traveltime="90"/><WalkingTime start="STATION-8" end="STATION-10" traveltime="60"/><WalkingTime start="STATION-9" end="STATION-10" traveltime="30"/><WalkingTime start="STATION-10" end="STATION-10" traveltime="0"/></WalkingTimes><Variants><Variant id="VARIANT-1"><WorkSteps><WorkStep id="AUTOWORKSTEP-V1-S1" location="STATION-1" automatic="True"><Duration>80</Duration><SetupTime>10</SetupTime><TakedownTime>10</TakedownTime></WorkStep><WorkStep id="WORKSTEP-V1-S2" location="STATION-2" automatic="False"><Duration>100</Duration></WorkStep><WorkStep id="AUTOWORKSTEP-V1-S3" location="STATION-3" automatic="True"><Duration>80</Duration><SetupTime>10</SetupTime><TakedownTime>10</TakedownTime></WorkStep><WorkStep id="WORKSTEP-V1-S4" location="STATION-4" automatic="False"><Duration>100</Duration></WorkStep><WorkStep id="AUTOWORKSTEP-V1-S5" location="STATION-5" automatic="True"><Duration>80</Duration><SetupTime>10</SetupTime><TakedownTime>10</TakedownTime></WorkStep><WorkStep id="WORKSTEP-V1-S6" location="STATION-6" automatic="False"><Duration>100</Duration></WorkStep><WorkStep id="WORKSTEP-V1-S7" location="STATION-7" automatic="False"><Duration>100</Duration></WorkStep><WorkStep id="WORKSTEP-V1-S8" location="STATION-8" automatic="False"><Duration>100</Duration></WorkStep><WorkStep id="WORKSTEP-V1-S9" location="STATION-9" automatic="False"><Duration>100</Duration></WorkStep><WorkStep id="AUTOWORKSTEP-V1-S10" location="STATION-10" automatic="True"><Duration>80</Duration><SetupTime>10</SetupTime><TakedownTime>10</TakedownTime></WorkStep></WorkSteps></Variant></Variants><ProcessingUnits><ProcessingUnit type="STATION" id="STATION-1" lane="1" position="1"/><ProcessingUnit type="BUFFER" id="BUFFER-1" lane="1" position="1" capacity="1"/><ProcessingUnit type="STATION" id="STATION-2" lane="1" position="2"/><ProcessingUnit type="BUFFER" id="BUFFER-2" lane="1" position="2" capacity="1"/><ProcessingUnit type="STATION" id="STATION-3" lane="1" position="3"/><ProcessingUnit type="BUFFER" id="BUFFER-3" lane="1" position="3" capacity="1"/><ProcessingUnit type="STATION" id="STATION-4" lane="1" position="4"/><ProcessingUnit type="BUFFER" id="BUFFER-4" lane="1" position="4" capacity="1"/><ProcessingUnit type="STATION" id="STATION-5" lane="1" position="5"/><ProcessingUnit type="BUFFER" id="BUFFER-5" lane="1" position="5" capacity="1"/><ProcessingUnit type="STATION" id="STATION-6" lane="2" position="1"/><ProcessingUnit type="BUFFER" id="BUFFER-6" lane="2" position="1" capacity="1"/><ProcessingUnit type="STATION" id="STATION-7" lane="2" position="2"/><ProcessingUnit type="BUFFER" id="BUFFER-7" lane="2" position="2" capacity="1"/><ProcessingUnit type="STATION" id="STATION-8" lane="2" position="3"/><ProcessingUnit type="BUFFER" id="BUFFER-8" lane="2" position="3" capacity="1"/><ProcessingUnit type="STATION" id="STATION-9" lane="2" position="4"/><ProcessingUnit type="BUFFER" id="BUFFER-9" lane="2" position="4" capacity="1"/><ProcessingUnit type="STATION" id="STATION-10" lane="2" position="5"/></ProcessingUnits></FlowShopConfiguration>