<FlowShopConfiguration name="S20-Ex1"><WalkingTimes><WalkingTime start="STATION-1" end="STATION-1" traveltime="0"/><WalkingTime start="STATION-2" end="STATION-1" traveltime="10"/><WalkingTime start="STATION-3" end="STATION-1" traveltime="20"/><WalkingTime start="STATION-4" end="STATION-1" traveltime="30"/><WalkingTime start="STATION-5" end="STATION-1" traveltime="40"/><WalkingTime start="STATION-6" end="STATION-1" traveltime="50"/><WalkingTime start="STATION-7" end="STATION-1" traveltime="55"/><WalkingTime start="STATION-8" end="STATION-1" traveltime="51"/><WalkingTime start="STATION-9" end="STATION-1" traveltime="41"/><WalkingTime start="STATION-10" end="STATION-1" traveltime="32"/><WalkingTime start="STATION-11" end="STATION-1" traveltime="22"/><WalkingTime start="STATION-12" end="STATION-1" traveltime="14"/><WalkingTime start="STATION-13" end="STATION-1" traveltime="10"/><WalkingTime start="STATION-14" end="STATION-1" traveltime="16"/><WalkingTime start="STATION-15" end="STATION-1" traveltime="20"/><WalkingTime start="STATION-16" end="STATION-1" traveltime="22"/><WalkingTime start="STATION-17" end="STATION-1" traveltime="28"/><WalkingTime start="STATION-18" end="STATION-1" traveltime="36"/><WalkingTime start="STATION-19" end="STATION-1" traveltime="45"/><WalkingTime start="STATION-20" end="STATION-1" traveltime="54"/><WalkingTime start="STATION-1" end="STATION-2" traveltime="10"/><WalkingTime start="STATION-2" end="STATION-2" traveltime="0"/><WalkingTime start="STATION-3" end="STATION-2" traveltime="10"/><WalkingTime start="STATION-4" end="STATION-2" traveltime="20"/><WalkingTime start="STATION-5" end="STATION-2" traveltime="30"/><WalkingTime start="STATION-6" end="STATION-2" traveltime="40"/><WalkingTime start="STATION-7" end="STATION-2" traveltime="45"/><WalkingTime start="STATION-8" end="STATION-2" traveltime="41"/><WalkingTime start="STATION-9" end="STATION-2" traveltime="32"/><WalkingTime start="STATION-10" end="STATION-2" traveltime="22"/><WalkingTime start="STATION-11" end="STATION-2" traveltime="14"/><WalkingTime start="STATION-12" end="STATION-2" traveltime="10"/><WalkingTime start="STATION-13" end="STATION-2" traveltime="14"/><WalkingTime start="STATION-14" end="STATION-2" traveltime="21"/><WalkingTime start="STATION-15" end="STATION-2" traveltime="22"/><WalkingTime start="STATION-16" end="STATION-2" traveltime="20"/><WalkingTime start="STATION-17" end="STATION-2" traveltime="22"/><WalkingTime start="STATION-18" end="STATION-2" traveltime="28"/><WalkingTime start="STATION-19" end="STATION-2" traveltime="36"/><WalkingTime start="STATION-20" end="STATION-2" traveltime="45"/><WalkingTime start="STATION-1" end="STATION-3" traveltime="20"/><WalkingTime start="STATION-2" end="STATION-3" traveltime="10"/><WalkingTime start="STATION-3" end="STATION-3" traveltime="0"/><WalkingTime start="STATION-4" end="STATION-3" traveltime="10"/><WalkingTime start="STATION-5" end="STATION-3" traveltime="20"/><WalkingTime start="STATION-6" end="STATION-3" traveltime="30"/><WalkingTime start="STATION-7" end="STATION-3" traveltime="35"/><WalkingTime start="STATION-8" end="STATION-3" traveltime="32"/><WalkingTime start="STATION-9" end="STATION-3" traveltime="22"/><WalkingTime start="STATION-10" end="STATION-3" traveltime="14"/><WalkingTime start="STATION-11" end="STATION-3" traveltime="10"/><WalkingTime start="STATION-12" end="STATION-3" traveltime="14"/><WalkingTime start="STATION-13" end="STATION-3" traveltime="22"/><WalkingTime start="STATION-14" end="STATION-3" traveltime="29"/><WalkingTime start="STATION-15" end="STATION-3" traveltime="28"/><WalkingTime start="STATION-16" end="STATION-3" traveltime="22"/><WalkingTime start="STATION-17" end="STATION-3" traveltime="20"/><WalkingTime start="STATION-18" end="STATION-3" traveltime="22"/><WalkingTime start="STATION-19" end="STATION-3" traveltime="28"/><WalkingTime start="STATION-20" end="STATION-3" traveltime="36"/><WalkingTime start="STATION-1" end="STATION-4" traveltime="30"/><WalkingTime start="STATION-2" end="STATION-4" traveltime="20"/><WalkingTime start="STATION-3" end="STATION-4" traveltime="10"/><WalkingTime start="STATION-4" end="STATION-4" traveltime="0"/><WalkingTime start="STATION-5" end="STATION-4" traveltime="10"/><WalkingTime start="STATION-6" end="STATION-4" traveltime="20"/><WalkingTime start="STATION-7" end="STATION-4" traveltime="25"/><WalkingTime start="STATION-8" end="STATION-4" traveltime="22"/><WalkingTime start="STATION-9" end="STATION-4" traveltime="14"/><WalkingTime start="STATION-10" end="STATION-4" traveltime="10"/><WalkingTime start="STATION-11" end="STATION-4" traveltime="14"/><WalkingTime start="STATION-12" end="STATION-4" traveltime="22"/><WalkingTime start="STATION-13" end="STATION-4" traveltime="32"/><WalkingTime start="STATION-14" end="STATION-4" traveltime="38"/><WalkingTime start="STATION-15" end="STATION-4" traveltime="36"/><WalkingTime start="STATION-16" end="STATION-4" traveltime="28"/><WalkingTime start="STATION-17" end="STATION-4" traveltime="22"/><WalkingTime start="STATION-18" end="STATION-4" traveltime="20"/><WalkingTime start="STATION-19" end="STATION-4" traveltime="22"/><WalkingTime start="STATION-20" end="STATION-4" traveltime="28"/><WalkingTime start="STATION-1" end="STATION-5" traveltime="40"/><WalkingTime start="STATION-2" end="STATION-5" traveltime="30"/><WalkingTime start="STATION-3" end="STATION-5" traveltime="20"/><WalkingTime start="STATION-4" end="STATION-5" traveltime="10"/><WalkingTime start="STATION-5" end="STATION-5" traveltime="0"/><WalkingTime start="STATION-6" end="STATION-5" traveltime="10"/><WalkingTime start="STATION-7" end="STATION-5" traveltime="16"/><WalkingTime start="STATION-8" end="STATION-5" traveltime="14"/><WalkingTime start="STATION-9" end="STATION-5" traveltime="10"/><WalkingTime start="STATION-10" end="STATION-5" traveltime="14"/><WalkingTime start="STATION-11" end="STATION-5" traveltime="22"/><WalkingTime start="STATION-12" end="STATION-5" traveltime="32"/><WalkingTime start="STATION-13" end="STATION-5" traveltime="41"/><WalkingTime start="STATION-14" end="STATION-5" traveltime="47"/><WalkingTime start="STATION-15" end="STATION-5" traveltime="45"/><WalkingTime start="STATION-16" end="STATION-5" traveltime="36"/><WalkingTime start="STATION-17" end="STATION-5" traveltime="28"/><WalkingTime start="STATION-18" end="STATION-5" traveltime="22"/><WalkingTime start="STATION-19" end="STATION-5" traveltime="20"/><WalkingTime start="STATION-20" end="STATION-5" traveltime="22"/><WalkingTime start="STATION-1" end="STATION-6" traveltime="50"/><WalkingTime start="STATION-2" end="STATION-6" traveltime="40"/><WalkingTime start="STATION-3" end="STATION-6" traveltime="30"/><WalkingTime start="STATION-4" end="STATION-6" traveltime="20"/><WalkingTime start="STATION-5" end="STATION-6" traveltime="10"/><WalkingTime start="STATION-6" end="STATION-6" traveltime="0"/><WalkingTime start="STATION-7" end="STATION-6" traveltime="7"/><WalkingTime start="STATION-8" end="STATION-6" traveltime="10"/><WalkingTime start="STATION-9" end="STATION-6" traveltime="14"/><WalkingTime start="STATION-10" end="STATION-6" traveltime="22"/><WalkingTime start="STATION-11" end="STATION-6" traveltime="32"/><WalkingTime start="STATION-12" end="STATION-6" traveltime="41"/><WalkingTime start="STATION-13" end="STATION-6" traveltime="51"/><WalkingTime start="STATION-14" end="STATION-6" traveltime="57"/><WalkingTime start="STATION-15" end="STATION-6" traveltime="54"/><WalkingTime start="STATION-16" end="STATION-6" traveltime="45"/><WalkingTime start="STATION-17" end="STATION-6" traveltime="36"/><WalkingTime start="STATION-18" end="STATION-6" traveltime="28"/><WalkingTime start="STATION-19" end="STATION-6" traveltime="22"/><WalkingTime start="STATION-20" end="STATION-6" traveltime="20"/><WalkingTime start="STATION-1" end="STATION-7" traveltime="55"/><WalkingTime start="STATION-2" end="STATION-7" traveltime="45"/><WalkingTime start="STATION-3" end="STATION-7" traveltime="35"/><WalkingTime start="STATION-4" end="STATION-7" traveltime="25"/><WalkingTime start="STATION-5" end="STATION-7" traveltime="16"/><WalkingTime start="STATION-6" end="STATION-7" traveltime="7"/><WalkingTime start="STATION-7" end="STATION-7" traveltime="0"/><WalkingTime start="STATION-8" end="STATION-7" traveltime="7"/><WalkingTime start="STATION-9" end="STATION-7" traveltime="16"/><WalkingTime start="STATION-10" end="STATION-7" traveltime="25"/><WalkingTime start="STATION-11" end="STATION-7" traveltime="35"/><WalkingTime start="STATION-12" end="STATION-7" traveltime="45"/><WalkingTime start="STATION-13" end="STATION-7" traveltime="55"/><WalkingTime start="STATION-14" end="STATION-7" traveltime="61"/><WalkingTime start="STATION-15" end="STATION-7" traveltime="57"/><WalkingTime start="STATION-16" end="STATION-7" traveltime="47"/><WalkingTime start="STATION-17" end="STATION-7" traveltime="38"/><WalkingTime start="STATION-18" end="STATION-7" traveltime="29"/><WalkingTime start="STATION-19" end="STATION-7" traveltime="21"/><WalkingTime start="STATION-20" end="STATION-7" traveltime="16"/><WalkingTime start="STATION-1" end="STATION-8" traveltime="51"/><WalkingTime start="STATION-2" end="STATION-8" traveltime="41"/><WalkingTime start="STATION-3" end="STATION-8" traveltime="32"/><WalkingTime start="STATION-4" end="STATION-8" traveltime="22"/><WalkingTime start="STATION-5" end="STATION-8" traveltime="14"/><WalkingTime start="STATION-6" end="STATION-8" traveltime="10"/><WalkingTime start="STATION-7" end="STATION-8" traveltime="7"/><WalkingTime start="STATION-8" end="STATION-8" traveltime="0"/><WalkingTime start="STATION-9" end="STATION-8" traveltime="10"/><WalkingTime start="STATION-10" end="STATION-8" traveltime="20"/><WalkingTime start="STATION-11" end="STATION-8" traveltime="30"/><WalkingTime start="STATION-12" end="STATION-8" traveltime="40"/><WalkingTime start="STATION-13" end="STATION-8" traveltime="50"/><WalkingTime start="STATION-14" end="STATION-8" traveltime="55"/><WalkingTime start="STATION-15" end="STATION-8" traveltime="51"/><WalkingTime start="STATION-16" end="STATION-8" traveltime="41"/><WalkingTime start="STATION-17" end="STATION-8" traveltime="32"/><WalkingTime start="STATION-18" end="STATION-8" traveltime="22"/><WalkingTime start="STATION-19" end="STATION-8" traveltime="14"/><WalkingTime start="STATION-20" end="STATION-8" traveltime="10"/><WalkingTime start="STATION-1" end="STATION-9" traveltime="41"/><WalkingTime start="STATION-2" end="STATION-9" traveltime="32"/><WalkingTime start="STATION-3" end="STATION-9" traveltime="22"/><WalkingTime start="STATION-4" end="STATION-9" traveltime="14"/><WalkingTime start="STATION-5" end="STATION-9" traveltime="10"/><WalkingTime start="STATION-6" end="STATION-9" traveltime="14"/><WalkingTime start="STATION-7" end="STATION-9" traveltime="16"/><WalkingTime start="STATION-8" end="STATION-9" traveltime="10"/><WalkingTime start="STATION-9" end="STATION-9" traveltime="0"/><WalkingTime start="STATION-10" end="STATION-9" traveltime="10"/><WalkingTime start="STATION-11" end="STATION-9" traveltime="20"/><WalkingTime start="STATION-12" end="STATION-9" traveltime="30"/><WalkingTime start="STATION-13" end="STATION-9" traveltime="40"/><WalkingTime start="STATION-14" end="STATION-9" traveltime="45"/><WalkingTime start="STATION-15" end="STATION-9" traveltime="41"/><WalkingTime start="STATION-16" end="STATION-9" traveltime="32"/><WalkingTime start="STATION-17" end="STATION-9" traveltime="22"/><WalkingTime start="STATION-18" end="STATION-9" traveltime="14"/><WalkingTime start="STATION-19" end="STATION-9" traveltime="10"/><WalkingTime start="STATION-20" end="STATION-9" traveltime="14"/><WalkingTime start="STATION-1" end="STATION-10" traveltime="32"/><WalkingTime start="STATION-2" end="STATION-10" traveltime="22"/><WalkingTime start="STATION-3" end="STATION-10" traveltime="14"/><WalkingTime start="STATION-4" end="STATION-10" traveltime="10"/><WalkingTime start="STATION-5" end="STATION-10" traveltime="14"/><WalkingTime start="STATION-6" end="STATION-10" traveltime="22"/><WalkingTime start="STATION-7" end="STATION-10" traveltime="25"/><WalkingTime start="STATION-8" end="STATION-10" traveltime="20"/><WalkingTime start="STATION-9" end="STATION-10" traveltime="10"/><WalkingTime start="STATION-10" end="STATION-10" traveltime="0"/><WalkingTime start="STATION-11" end="STATION-10" traveltime="10"/><WalkingTime start="STATION-12" end="STATION-10" traveltime="20"/><WalkingTime start="STATION-13" end="STATION-10" traveltime="30"/><WalkingTime start="STATION-14" end="STATION-10" traveltime="35"/><WalkingTime start="STATION-15" end="STATION-10" traveltime="32"/><WalkingTime start="STATION-16" end="STATION-10" traveltime="22"/><WalkingTime start="STATION-17" end="STATION-10" traveltime="14"/><WalkingTime start="STATION-18" end="STATION-10" traveltime="10"/><WalkingTime start="STATION-19" end="STATION-10" traveltime="14"/><WalkingTime start="STATION-20" end="STATION-10" traveltime="22"/><WalkingTime start="STATION-1" end="STATION-11" traveltime="22"/><WalkingTime start="STATION-2" end="STATION-11" traveltime="14"/><WalkingTime start="STATION-3" end="STATION-11" traveltime="10"/><WalkingTime start="STATION-4" end="STATION-11" traveltime="14"/><WalkingTime start="STATION-5" end="STATION-11" traveltime="22"/><WalkingTime start="STATION-6" end="STATION-11" traveltime="32"/><WalkingTime start="STATION-7" end="STATION-11" traveltime="35"/><WalkingTime start="STATION-8" end="STATION-11" traveltime="30"/><WalkingTime start="STATION-9" end="STATION-11" traveltime="20"/><WalkingTime start="STATION-10" end="STATION-11" traveltime="10"/><WalkingTime start="STATION-11" end="STATION-11" traveltime="0"/><WalkingTime start="STATION-12" end="STATION-11" traveltime="10"/><WalkingTime start="STATION-13" end="STATION-11" traveltime="20"/><WalkingTime start="STATION-14" end="STATION-11" traveltime="25"/><WalkingTime start="STATION-15" end="STATION-11" traveltime="22"/><WalkingTime start="STATION-16" end="STATION-11" traveltime="14"/><WalkingTime start="STATION-17" end="STATION-11" traveltime="10"/><WalkingTime start="STATION-18" end="STATION-11" traveltime="14"/><WalkingTime start="STATION-19" end="STATION-11" traveltime="22"/><WalkingTime start="STATION-20" end="STATION-11" traveltime="32"/><WalkingTime start="STATION-1" end="STATION-12" traveltime="14"/><WalkingTime start="STATION-2" end="STATION-12" traveltime="10"/><WalkingTime start="STATION-3" end="STATION-12" traveltime="14"/><WalkingTime start="STATION-4" end="STATION-12" traveltime="22"/><WalkingTime start="STATION-5" end="STATION-12" traveltime="32"/><WalkingTime start="STATION-6" end="STATION-12" traveltime="41"/><WalkingTime start="STATION-7" end="STATION-12" traveltime="45"/><WalkingTime start="STATION-8" end="STATION-12" traveltime="40"/><WalkingTime start="STATION-9" end="STATION-12" traveltime="30"/><WalkingTime start="STATION-10" end="STATION-12" traveltime="20"/><WalkingTime start="STATION-11" end="STATION-12" traveltime="10"/><WalkingTime start="STATION-12" end="STATION-12" traveltime="0"/><WalkingTime start="STATION-13" end="STATION-12" traveltime="10"/><WalkingTime start="STATION-14" end="STATION-12" traveltime="16"/><WalkingTime start="STATION-15" end="STATION-12" traveltime="14"/><WalkingTime start="STATION-16" end="STATION-12" traveltime="10"/><WalkingTime start="STATION-17" end="STATION-12" traveltime="14"/><WalkingTime start="STATION-18" end="STATION-12" traveltime="22"/><WalkingTime start="STATION-19" end="STATION-12" traveltime="32"/><WalkingTime start="STATION-20" end="STATION-12" traveltime="41"/><WalkingTime start="STATION-1" end="STATION-13" traveltime="10"/><WalkingTime start="STATION-2" end="STATION-13" traveltime="14"/><WalkingTime start="STATION-3" end="STATION-13" traveltime="22"/><WalkingTime start="STATION-4" end="STATION-13" traveltime="32"/><WalkingTime start="STATION-5" end="STATION-13" traveltime="41"/><WalkingTime start="STATION-6" end="STATION-13" traveltime="51"/><WalkingTime start="STATION-7" end="STATION-13" traveltime="55"/><WalkingTime start="STATION-8" end="STATION-13" traveltime="50"/><WalkingTime start="STATION-9" end="STATION-13" traveltime="40"/><WalkingTime start="STATION-10" end="STATION-13" traveltime="30"/><WalkingTime start="STATION-11" end="STATION-13" traveltime="20"/><WalkingTime start="STATION-12" end="STATION-13" traveltime="10"/><WalkingTime start="STATION-13" end="STATION-13" traveltime="0"/><WalkingTime start="STATION-14" end="STATION-13" traveltime="7"/><WalkingTime start="STATION-15" end="STATION-13" traveltime="10"/><WalkingTime start="STATION-16" end="STATION-13" traveltime="14"/><WalkingTime start="STATION-17" end="STATION-13" traveltime="22"/><WalkingTime start="STATION-18" end="STATION-13" traveltime="32"/><WalkingTime start="STATION-19" end="STATION-13" traveltime="41"/><WalkingTime start="STATION-20" end="STATION-13" traveltime="51"/><WalkingTime start="STATION-1" end="STATION-14" traveltime="16"/><WalkingTime start="STATION-2" end="STATION-14" traveltime="21"/><WalkingTime start="STATION-3" end="STATION-14" traveltime="29"/><WalkingTime start="STATION-4" end="STATION-14" traveltime="38"/><WalkingTime start="STATION-5" end="STATION-14" traveltime="47"/><WalkingTime start="STATION-6" end="STATION-14" traveltime="57"/><WalkingTime start="STATION-7" end="STATION-14" traveltime="61"/><WalkingTime start="STATION-8" end="STATION-14" traveltime="55"/><WalkingTime start="STATION-9" end="STATION-14" traveltime="45"/><WalkingTime start="STATION-10" end="STATION-14" traveltime="35"/><WalkingTime start="STATION-11" end="STATION-14" traveltime="25"/><WalkingTime start="STATION-12" end="STATION-14" traveltime="16"/><WalkingTime start="STATION-13" end="STATION-14" traveltime="7"/><WalkingTime start="STATION-14" end="STATION-14" traveltime="0"/><WalkingTime start="STATION-15" end="STATION-14" traveltime="7"/><WalkingTime start="STATION-16" end="STATION-14" traveltime="16"/><WalkingTime start="STATION-17" end="STATION-14" traveltime="25"/><WalkingTime start="STATION-18" end="STATION-14" traveltime="35"/><WalkingTime start="STATION-19" end="STATION-14" traveltime="45"/><WalkingTime start="STATION-20" end="STATION-14" traveltime="55"/><WalkingTime start="STATION-1" end="STATION-15" traveltime="20"/><WalkingTime start="STATION-2" end="STATION-15" traveltime="22"/><WalkingTime start="STATION-3" end="STATION-15" traveltime="28"/><WalkingTime start="STATION-4" end="STATION-15" traveltime="36"/><WalkingTime start="STATION-5" end="STATION-15" traveltime="45"/><WalkingTime start="STATION-6" end="STATION-15" traveltime="54"/><WalkingTime start="STATION-7" end="STATION-15" traveltime="57"/><WalkingTime start="STATION-8" end="STATION-15" traveltime="51"/><WalkingTime start="STATION-9" end="STATION-15" traveltime="41"/><WalkingTime start="STATION-10" end="STATION-15" traveltime="32"/><WalkingTime start="STATION-11" end="STATION-15" traveltime="22"/><WalkingTime start="STATION-12" end="STATION-15" traveltime="14"/><WalkingTime start="STATION-13" end="STATION-15" traveltime="10"/><WalkingTime start="STATION-14" end="STATION-15" traveltime="7"/><WalkingTime start="STATION-15" end="STATION-15" traveltime="0"/><WalkingTime start="STATION-16" end="STATION-15" traveltime="10"/><WalkingTime start="STATION-17" end="STATION-15" traveltime="20"/><WalkingTime start="STATION-18" end="STATION-15" traveltime="30"/><WalkingTime start="STATION-19" end="STATION-15" traveltime="40"/><WalkingTime start="STATION-20" end="STATION-15" traveltime="50"/><WalkingTime start="STATION-1" end="STATION-16" traveltime="22"/><WalkingTime start="STATION-2" end="STATION-16" traveltime="20"/><WalkingTime start="STATION-3" end="STATION-16" traveltime="22"/><WalkingTime start="STATION-4" end="STATION-16" traveltime="28"/><WalkingTime start="STATION-5" end="STATION-16" traveltime="36"/><WalkingTime start="STATION-6" end="STATION-16" traveltime="45"/><WalkingTime start="STATION-7" end="STATION-16" traveltime="47"/><WalkingTime start="STATION-8" end="STATION-16" traveltime="41"/><WalkingTime start="STATION-9" end="STATION-16" traveltime="32"/><WalkingTime start="STATION-10" end="STATION-16" traveltime="22"/><WalkingTime start="STATION-11" end="STATION-16" traveltime="14"/><WalkingTime start="STATION-12" end="STATION-16" traveltime="10"/><WalkingTime start="STATION-13" end="STATION-16" traveltime="14"/><WalkingTime start="STATION-14" end="STATION-16" traveltime="16"/><WalkingTime start="STATION-15" end="STATION-16" traveltime="10"/><WalkingTime start="STATION-16" end="STATION-16" traveltime="0"/><WalkingTime start="STATION-17" end="STATION-16" traveltime="10"/><WalkingTime start="STATION-18" end="STATION-16" traveltime="20"/><WalkingTime start="STATION-19" end="STATION-16" traveltime="30"/><WalkingTime start="STATION-20" end="STATION-16" traveltime="40"/><WalkingTime start="STATION-1" end="STATION-17" traveltime="28"/><WalkingTime start="STATION-2" end="STATION-17" traveltime="22"/><WalkingTime start="STATION-3" end="STATION-17" traveltime="20"/><WalkingTime start="STATION-4" end="STATION-17" traveltime="22"/><WalkingTime start="STATION-5" end="STATION-17" traveltime="28"/><WalkingTime start="STATION-6" end="STATION-17" traveltime="36"/><WalkingTime start="STATION-7" end="STATION-17" traveltime="38"/><WalkingTime start="STATION-8" end="STATION-17" traveltime="32"/><WalkingTime start="STATION-9" end="STATION-17" traveltime="22"/><WalkingTime start="STATION-10" end="STATION-17" traveltime="14"/><WalkingTime start="STATION-11" end="STATION-17" traveltime="10"/><WalkingTime start="STATION-12" end="STATION-17" traveltime="14"/><WalkingTime start="STATION-13" end="STATION-17" traveltime="22"/><WalkingTime start="STATION-14" end="STATION-17" traveltime="25"/><WalkingTime start="STATION-15" end="STATION-17" traveltime="20"/><WalkingTime start="STATION-16" end="STATION-17" traveltime="10"/><WalkingTime start="STATION-17" end="STATION-17" traveltime="0"/><WalkingTime start="STATION-18" end="STATION-17" traveltime="10"/><WalkingTime start="STATION-19" end="STATION-17" traveltime="20"/><WalkingTime start="STATION-20" end="STATION-17" traveltime="30"/><WalkingTime start="STATION-1" end="STATION-18" traveltime="36"/><WalkingTime start="STATION-2" end="STATION-18" traveltime="28"/><WalkingTime start="STATION-3" end="STATION-18" traveltime="22"/><WalkingTime start="STATION-4" end="STATION-18" traveltime="20"/><WalkingTime start="STATION-5" end="STATION-18" traveltime="22"/><WalkingTime start="STATION-6" end="STATION-18" traveltime="28"/><WalkingTime start="STATION-7" end="STATION-18" traveltime="29"/><WalkingTime start="STATION-8" end="STATION-18" traveltime="22"/><WalkingTime start="STATION-9" end="STATION-18" traveltime="14"/><WalkingTime start="STATION-10" end="STATION-18" traveltime="10"/><WalkingTime start="STATION-11" end="STATION-18" traveltime="14"/><WalkingTime start="STATION-12" end="STATION-18" traveltime="22"/><WalkingTime start="STATION-13" end="STATION-18" traveltime="32"/><WalkingTime start="STATION-14" end="STATION-18" traveltime="35"/><WalkingTime start="STATION-15" end="STATION-18" traveltime="30"/><WalkingTime start="STATION-16" end="STATION-18" traveltime="20"/><WalkingTime start="STATION-17" end="STATION-18" traveltime="10"/><WalkingTime start="STATION-18" end="STATION-18" traveltime="0"/><WalkingTime start="STATION-19" end="STATION-18" traveltime="10"/><WalkingTime start="STATION-20" end="STATION-18" traveltime="20"/><WalkingTime start="STATION-1" end="STATION-19" traveltime="45"/><WalkingTime start="STATION-2" end="STATION-19" traveltime="36"/><WalkingTime start="STATION-3" end="STATION-19" traveltime="28"/><WalkingTime start="STATION-4" end="STATION-19" traveltime="22"/><WalkingTime start="STATION-5" end="STATION-19" traveltime="20"/><WalkingTime start="STATION-6" end="STATION-19" traveltime="22"/><WalkingTime start="STATION-7" end="STATION-19" traveltime="21"/><WalkingTime start="STATION-8" end="STATION-19" traveltime="14"/><WalkingTime start="STATION-9" end="STATION-19" traveltime="10"/><WalkingTime start="STATION-10" end="STATION-19" traveltime="14"/><WalkingTime start="STATION-11" end="STATION-19" traveltime="22"/><WalkingTime start="STATION-12" end="STATION-19" traveltime="32"/><WalkingTime start="STATION-13" end="STATION-19" traveltime="41"/><WalkingTime start="STATION-14" end="STATION-19" traveltime="45"/><WalkingTime start="STATION-15" end="STATION-19" traveltime="40"/><WalkingTime start="STATION-16" end="STATION-19" traveltime="30"/><WalkingTime start="STATION-17" end="STATION-19" traveltime="20"/><WalkingTime start="STATION-18" end="STATION-19" traveltime="10"/><WalkingTime start="STATION-19" end="STATION-19" traveltime="0"/><WalkingTime start="STATION-20" end="STATION-19" traveltime="10"/><WalkingTime start="STATION-1" end="STATION-20" traveltime="54"/><WalkingTime start="STATION-2" end="STATION-20" traveltime="45"/><WalkingTime start="STATION-3" end="STATION-20" traveltime="36"/><WalkingTime start="STATION-4" end="STATION-20" traveltime="28"/><WalkingTime start="STATION-5" end="STATION-20" traveltime="22"/><WalkingTime start="STATION-6" end="STATION-20" traveltime="20"/><WalkingTime start="STATION-7" end="STATION-20" traveltime="16"/><WalkingTime start="STATION-8" end="STATION-20" traveltime="10"/><WalkingTime start="STATION-9" end="STATION-20" traveltime="14"/><WalkingTime start="STATION-10" end="STATION-20" traveltime="22"/><WalkingTime start="STATION-11" end="STATION-20" traveltime="32"/><WalkingTime start="STATION-12" end="STATION-20" traveltime="41"/><WalkingTime start="STATION-13" end="STATION-20" traveltime="51"/><WalkingTime start="STATION-14" end="STATION-20" traveltime="55"/><WalkingTime start="STATION-15" end="STATION-20" traveltime="50"/><WalkingTime start="STATION-16" end="STATION-20" traveltime="40"/><WalkingTime start="STATION-17" end="STATION-20" traveltime="30"/><WalkingTime start="STATION-18" end="STATION-20" traveltime="20"/><WalkingTime start="STATION-19" end="STATION-20" traveltime="10"/><WalkingTime start="STATION-20" end="STATION-20" traveltime="0"/></WalkingTimes><Variants><Variant id="VARIANT-1"><WorkSteps><WorkStep id="WORKSTEP-V1-S1" location="STATION-1" automatic="False"><Duration>100</Duration></WorkStep><WorkStep id="WORKSTEP-V1-S2" location="STATION-2" automatic="False"><Duration>100</Duration></WorkStep><WorkStep id="WORKSTEP-V1-S3" location="STATION-3" automatic="False"><Duration>100</Duration></WorkStep><WorkStep id="WORKSTEP-V1-S4" location="STATION-4" automatic="False"><Duration>100</Duration></WorkStep><WorkStep id="WORKSTEP-V1-S5" location="STATION-5" automatic="False"><Duration>100</Duration></WorkStep><WorkStep id="WORKSTEP-V1-S6" location="STATION-6" automatic="False"><Duration>100</Duration></WorkStep><WorkStep id="WORKSTEP-V1-S7" location="STATION-7" automatic="False"><Duration>100</Duration></WorkStep><WorkStep id="WORKSTEP-V1-S8" location="STATION-8" automatic="False"><Duration>100</Duration></WorkStep><WorkStep id="WORKSTEP-V1-S9" location="STATION-9" automatic="False"><Duration>100</Duration></WorkStep><WorkStep id="AUTOWORKSTEP-V1-S10" location="STATION-10" automatic="True"><Duration>80</Duration><SetupTime>10</SetupTime><TakedownTime>10</TakedownTime></WorkStep><WorkStep id="WORKSTEP-V1-S11" location="STATION-11" automatic="False"><Duration>100</Duration></WorkStep><WorkStep id="WORKSTEP-V1-S12" location="STATION-12" automatic="False"><Duration>100</Duration></WorkStep><WorkStep id="WORKSTEP-V1-S13" location="STATION-13" automatic="False"><Duration>100</Duration></WorkStep><WorkStep id="WORKSTEP-V1-S14" location="STATION-14" automatic="False"><Duration>100</Duration></WorkStep><WorkStep id="WORKSTEP-V1-S15" location="STATION-15" automatic="False"><Duration>100</Duration></WorkStep><WorkStep id="WORKSTEP-V1-S16" location="STATION-16" automatic="False"><Duration>100</Duration></WorkStep><WorkStep id="WORKSTEP-V1-S17" location="STATION-17" automatic="False"><Duration>100</Duration></WorkStep><WorkStep id="WORKSTEP-V1-S18" location="STATION-18" automatic="False"><Duration>100</Duration></WorkStep><WorkStep id="WORKSTEP-V1-S19" location="STATION-19" automatic="False"><Duration>100</Duration></WorkStep><WorkStep id="WORKSTEP-V1-S20" location="STATION-20" automatic="False"><Duration>100</Duration></WorkStep></WorkSteps></Variant></Variants><ProcessingUnits><ProcessingUnit type="STATION" id="STATION-1" lane="1" position="1"/><ProcessingUnit type="BUFFER" id="BUFFER-1" lane="1" position="1" capacity="1"/><ProcessingUnit type="STATION" id="STATION-2" lane="1" position="2"/><ProcessingUnit type="BUFFER" id="BUFFER-2" lane="1" position="2" capacity="1"/><ProcessingUnit type="STATION" id="STATION-3" lane="1" position="3"/><ProcessingUnit type="BUFFER" id="BUFFER-3" lane="1" position="3" capacity="1"/><ProcessingUnit type="STATION" id="STATION-4" lane="1" position="4"/><ProcessingUnit type="BUFFER" id="BUFFER-4" lane="1" position="4" capacity="1"/><ProcessingUnit type="STATION" id="STATION-5" lane="1" position="5"/><ProcessingUnit type="BUFFER" id="BUFFER-5" lane="1" position="5" capacity="1"/><ProcessingUnit type="STATION" id="STATION-6" lane="1" position="6"/><ProcessingUnit type="BUFFER" id="BUFFER-6" lane="1" position="6" capacity="1"/><ProcessingUnit type="STATION" id="STATION-7" lane="1" position="7"/><ProcessingUnit type="BUFFER" id="BUFFER-7" lane="1" position="7" capacity="1"/><ProcessingUnit type="STATION" id="STATION-8" lane="1" position="8"/><ProcessingUnit type="BUFFER" id="BUFFER-8" lane="1" position="8" capacity="1"/><ProcessingUnit type="STATION" id="STATION-9" lane="1" position="9"/><ProcessingUnit type="BUFFER" id="BUFFER-9" lane="1" position="9" capacity="1"/><ProcessingUnit type="STATION" id="STATION-10" lane="1" position="10"/><ProcessingUnit type="BUFFER" id="BUFFER-10" lane="1" position="10" capacity="1"/><ProcessingUnit type="STATION" id="STATION-11" lane="2" position="1"/><ProcessingUnit type="BUFFER" id="BUFFER-11" lane="2" position="1" capacity="1"/><ProcessingUnit type="STATION" id="STATION-12" lane="2" position="2"/><ProcessingUnit type="BUFFER" id="BUFFER-12" lane="2" position="2" capacity="1"/><ProcessingUnit type="STATION" id="STATION-13" lane="2" position="3"/><ProcessingUnit type="BUFFER" id="BUFFER-13" lane="2" position="3" capacity="1"/><ProcessingUnit type="STATION" id="STATION-14" lane="2" position="4"/><ProcessingUnit type="BUFFER" id="BUFFER-14" lane="2" position="4" capacity="1"/><ProcessingUnit type="STATION" id="STATION-15" lane="2" position="5"/><ProcessingUnit type="BUFFER" id="BUFFER-15" lane="2" position="5" capacity="1"/><ProcessingUnit type="STATION" id="STATION-16" lane="2" position="6"/><ProcessingUnit type="BUFFER" id="BUFFER-16" lane="2" position="6" capacity="1"/><ProcessingUnit type="STATION" id="STATION-17" lane="2" position="7"/><ProcessingUnit type="BUFFER" id="BUFFER-17" lane="2" position="7" capacity="1"/><ProcessingUnit type="STATION" id="STATION-18" lane="2" position="8"/><ProcessingUnit type="BUFFER" id="BUFFER-18" lane="2" position="8" capacity="1"/><ProcessingUnit type="STATION" id="STATION-19" lane="2" position="9"/><ProcessingUnit type="BUFFER" id="BUFFER-19" lane="2" position="9" capacity="1"/><ProcessingUnit type="STATION" id="STATION-20" lane="2" position="10"/></ProcessingUnits></FlowShopConfiguration>