<FlowShopConfiguration name="S20-Ex10"><WalkingTimes><WalkingTime start="STATION-1" end="STATION-1" traveltime="0"/><WalkingTime start="STATION-2" end="STATION-1" traveltime="30"/><WalkingTime start="STATION-3" end="STATION-1" traveltime="60"/><WalkingTime start="STATION-4" end="STATION-1" traveltime="90"/><WalkingTime start="STATION-5" end="STATION-1" traveltime="120"/><WalkingTime start="STATION-6" end="STATION-1" traveltime="150"/><WalkingTime start="STATION-7" end="STATION-1" traveltime="165"/><WalkingTime start="STATION-8" end="STATION-1" traveltime="153"/><WalkingTime start="STATION-9" end="STATION-1" traveltime="123"/><WalkingTime start="STATION-10" end="STATION-1" traveltime="96"/><WalkingTime start="STATION-11" end="STATION-1" traveltime="66"/><WalkingTime start="STATION-12" end="STATION-1" traveltime="42"/><WalkingTime start="STATION-13" end="STATION-1" traveltime="30"/><WalkingTime start="STATION-14" end="STATION-1" traveltime="48"/><WalkingTime start="STATION-15" end="STATION-1" traveltime="60"/><WalkingTime start="STATION-16" end="STATION-1" traveltime="66"/><WalkingTime start="STATION-17" end="STATION-1" traveltime="84"/><WalkingTime start="STATION-18" end="STATION-1" traveltime="108"/><WalkingTime start="STATION-19" end="STATION-1" traveltime="135"/><WalkingTime start="STATION-20" end="STATION-1" traveltime="162"/><WalkingTime start="STATION-1" end="STATION-2" traveltime="30"/><WalkingTime start="STATION-2" end="STATION-2" traveltime="0"/><WalkingTime start="STATION-3" end="STATION-2" traveltime="30"/><WalkingTime start="STATION-4" end="STATION-2" traveltime="60"/><WalkingTime start="STATION-5" end="STATION-2" traveltime="90"/><WalkingTime start="STATION-6" end="STATION-2" traveltime="120"/><WalkingTime start="STATION-7" end="STATION-2" traveltime="135"/><WalkingTime start="STATION-8" end="STATION-2" traveltime="123"/><WalkingTime start="STATION-9" end="STATION-2" traveltime="96"/><WalkingTime start="STATION-10" end="STATION-2" traveltime="66"/><WalkingTime start="STATION-11" end="STATION-2" traveltime="42"/><WalkingTime start="STATION-12" end="STATION-2" traveltime="30"/><WalkingTime start="STATION-13" end="STATION-2" traveltime="42"/><WalkingTime start="STATION-14" end="STATION-2" traveltime="63"/><WalkingTime start="STATION-15" end="STATION-2" traveltime="66"/><WalkingTime start="STATION-16" end="STATION-2" traveltime="60"/><WalkingTime start="STATION-17" end="STATION-2" traveltime="66"/><WalkingTime start="STATION-18" end="STATION-2" traveltime="84"/><WalkingTime start="STATION-19" end="STATION-2" traveltime="108"/><WalkingTime start="STATION-20" end="STATION-2" traveltime="135"/><WalkingTime start="STATION-1" end="STATION-3" traveltime="60"/><WalkingTime start="STATION-2" end="STATION-3" traveltime="30"/><WalkingTime start="STATION-3" end="STATION-3" traveltime="0"/><WalkingTime start="STATION-4" end="STATION-3" traveltime="30"/><WalkingTime start="STATION-5" end="STATION-3" traveltime="60"/><WalkingTime start="STATION-6" end="STATION-3" traveltime="90"/><WalkingTime start="STATION-7" end="STATION-3" traveltime="105"/><WalkingTime start="STATION-8" end="STATION-3" traveltime="96"/><WalkingTime start="STATION-9" end="STATION-3" traveltime="66"/><WalkingTime start="STATION-10" end="STATION-3" traveltime="42"/><WalkingTime start="STATION-11" end="STATION-3" traveltime="30"/><WalkingTime start="STATION-12" end="STATION-3" traveltime="42"/><WalkingTime start="STATION-13" end="STATION-3" traveltime="66"/><WalkingTime start="STATION-14" end="STATION-3" traveltime="87"/><WalkingTime start="STATION-15" end="STATION-3" traveltime="84"/><WalkingTime start="STATION-16" end="STATION-3" traveltime="66"/><WalkingTime start="STATION-17" end="STATION-3" traveltime="60"/><WalkingTime start="STATION-18" end="STATION-3" traveltime="66"/><WalkingTime start="STATION-19" end="STATION-3" traveltime="84"/><WalkingTime start="STATION-20" end="STATION-3" traveltime="108"/><WalkingTime start="STATION-1" end="STATION-4" traveltime="90"/><WalkingTime start="STATION-2" end="STATION-4" traveltime="60"/><WalkingTime start="STATION-3" end="STATION-4" traveltime="30"/><WalkingTime start="STATION-4" end="STATION-4" traveltime="0"/><WalkingTime start="STATION-5" end="STATION-4" traveltime="30"/><WalkingTime start="STATION-6" end="STATION-4" traveltime="60"/><WalkingTime start="STATION-7" end="STATION-4" traveltime="75"/><WalkingTime start="STATION-8" end="STATION-4" traveltime="66"/><WalkingTime start="STATION-9" end="STATION-4" traveltime="42"/><WalkingTime start="STATION-10" end="STATION-4" traveltime="30"/><WalkingTime start="STATION-11" end="STATION-4" traveltime="42"/><WalkingTime start="STATION-12" end="STATION-4" traveltime="66"/><WalkingTime start="STATION-13" end="STATION-4" traveltime="96"/><WalkingTime start="STATION-14" end="STATION-4" traveltime="114"/><WalkingTime start="STATION-15" end="STATION-4" traveltime="108"/><WalkingTime start="STATION-16" end="STATION-4" traveltime="84"/><WalkingTime start="STATION-17" end="STATION-4" traveltime="66"/><WalkingTime start="STATION-18" end="STATION-4" traveltime="60"/><WalkingTime start="STATION-19" end="STATION-4" traveltime="66"/><WalkingTime start="STATION-20" end="STATION-4" traveltime="84"/><WalkingTime start="STATION-1" end="STATION-5" traveltime="120"/><WalkingTime start="STATION-2" end="STATION-5" traveltime="90"/><WalkingTime start="STATION-3" end="STATION-5" traveltime="60"/><WalkingTime start="STATION-4" end="STATION-5" traveltime="30"/><WalkingTime start="STATION-5" end="STATION-5" traveltime="0"/><WalkingTime start="STATION-6" end="STATION-5" traveltime="30"/><WalkingTime start="STATION-7" end="STATION-5" traveltime="48"/><WalkingTime start="STATION-8" end="STATION-5" traveltime="42"/><WalkingTime start="STATION-9" end="STATION-5" traveltime="30"/><WalkingTime start="STATION-10" end="STATION-5" traveltime="42"/><WalkingTime start="STATION-11" end="STATION-5" traveltime="66"/><WalkingTime start="STATION-12" end="STATION-5" traveltime="96"/><WalkingTime start="STATION-13" end="STATION-5" traveltime="123"/><WalkingTime start="STATION-14" end="STATION-5" traveltime="141"/><WalkingTime start="STATION-15" end="STATION-5" traveltime="135"/><WalkingTime start="STATION-16" end="STATION-5" traveltime="108"/><WalkingTime start="STATION-17" end="STATION-5" traveltime="84"/><WalkingTime start="STATION-18" end="STATION-5" traveltime="66"/><WalkingTime start="STATION-19" end="STATION-5" traveltime="60"/><WalkingTime start="STATION-20" end="STATION-5" traveltime="66"/><WalkingTime start="STATION-1" end="STATION-6" traveltime="150"/><WalkingTime start="STATION-2" end="STATION-6" traveltime="120"/><WalkingTime start="STATION-3" end="STATION-6" traveltime="90"/><WalkingTime start="STATION-4" end="STATION-6" traveltime="60"/><WalkingTime start="STATION-5" end="STATION-6" traveltime="30"/><WalkingTime start="STATION-6" end="STATION-6" traveltime="0"/><WalkingTime start="STATION-7" end="STATION-6" traveltime="21"/><WalkingTime start="STATION-8" end="STATION-6" traveltime="30"/><WalkingTime start="STATION-9" end="STATION-6" traveltime="42"/><WalkingTime start="STATION-10" end="STATION-6" traveltime="66"/><WalkingTime start="STATION-11" end="STATION-6" traveltime="96"/><WalkingTime start="STATION-12" end="STATION-6" traveltime="123"/><WalkingTime start="STATION-13" end="STATION-6" traveltime="153"/><WalkingTime start="STATION-14" end="STATION-6" traveltime="171"/><WalkingTime start="STATION-15" end="STATION-6" traveltime="162"/><WalkingTime start="STATION-16" end="STATION-6" traveltime="135"/><WalkingTime start="STATION-17" end="STATION-6" traveltime="108"/><WalkingTime start="STATION-18" end="STATION-6" traveltime="84"/><WalkingTime start="STATION-19" end="STATION-6" traveltime="66"/><WalkingTime start="STATION-20" end="STATION-6" traveltime="60"/><WalkingTime start="STATION-1" end="STATION-7" traveltime="165"/><WalkingTime start="STATION-2" end="STATION-7" traveltime="135"/><WalkingTime start="STATION-3" end="STATION-7" traveltime="105"/><WalkingTime start="STATION-4" end="STATION-7" traveltime="75"/><WalkingTime start="STATION-5" end="STATION-7" traveltime="48"/><WalkingTime start="STATION-6" end="STATION-7" traveltime="21"/><WalkingTime start="STATION-7" end="STATION-7" traveltime="0"/><WalkingTime start="STATION-8" end="STATION-7" traveltime="21"/><WalkingTime start="STATION-9" end="STATION-7" traveltime="48"/><WalkingTime start="STATION-10" end="STATION-7" traveltime="75"/><WalkingTime start="STATION-11" end="STATION-7" traveltime="105"/><WalkingTime start="STATION-12" end="STATION-7" traveltime="135"/><WalkingTime start="STATION-13" end="STATION-7" traveltime="165"/><WalkingTime start="STATION-14" end="STATION-7" traveltime="183"/><WalkingTime start="STATION-15" end="STATION-7" traveltime="171"/><WalkingTime start="STATION-16" end="STATION-7" traveltime="141"/><WalkingTime start="STATION-17" end="STATION-7" traveltime="114"/><WalkingTime start="STATION-18" end="STATION-7" traveltime="87"/><WalkingTime start="STATION-19" end="STATION-7" traveltime="63"/><WalkingTime start="STATION-20" end="STATION-7" traveltime="48"/><WalkingTime start="STATION-1" end="STATION-8" traveltime="153"/><WalkingTime start="STATION-2" end="STATION-8" traveltime="123"/><WalkingTime start="STATION-3" end="STATION-8" traveltime="96"/><WalkingTime start="STATION-4" end="STATION-8" traveltime="66"/><WalkingTime start="STATION-5" end="STATION-8" traveltime="42"/><WalkingTime start="STATION-6" end="STATION-8" traveltime="30"/><WalkingTime start="STATION-7" end="STATION-8" traveltime="21"/><WalkingTime start="STATION-8" end="STATION-8" traveltime="0"/><WalkingTime start="STATION-9" end="STATION-8" traveltime="30"/><WalkingTime start="STATION-10" end="STATION-8" traveltime="60"/><WalkingTime start="STATION-11" end="STATION-8" traveltime="90"/><WalkingTime start="STATION-12" end="STATION-8" traveltime="120"/><WalkingTime start="STATION-13" end="STATION-8" traveltime="150"/><WalkingTime start="STATION-14" end="STATION-8" traveltime="165"/><WalkingTime start="STATION-15" end="STATION-8" traveltime="153"/><WalkingTime start="STATION-16" end="STATION-8" traveltime="123"/><WalkingTime start="STATION-17" end="STATION-8" traveltime="96"/><WalkingTime start="STATION-18" end="STATION-8" traveltime="66"/><WalkingTime start="STATION-19" end="STATION-8" traveltime="42"/><WalkingTime start="STATION-20" end="STATION-8" traveltime="30"/><WalkingTime start="STATION-1" end="STATION-9" traveltime="123"/><WalkingTime start="STATION-2" end="STATION-9" traveltime="96"/><WalkingTime start="STATION-3" end="STATION-9" traveltime="66"/><WalkingTime start="STATION-4" end="STATION-9" traveltime="42"/><WalkingTime start="STATION-5" end="STATION-9" traveltime="30"/><WalkingTime start="STATION-6" end="STATION-9" traveltime="42"/><WalkingTime start="STATION-7" end="STATION-9" traveltime="48"/><WalkingTime start="STATION-8" end="STATION-9" traveltime="30"/><WalkingTime start="STATION-9" end="STATION-9" traveltime="0"/><WalkingTime start="STATION-10" end="STATION-9" traveltime="30"/><WalkingTime start="STATION-11" end="STATION-9" traveltime="60"/><WalkingTime start="STATION-12" end="STATION-9" traveltime="90"/><WalkingTime start="STATION-13" end="STATION-9" traveltime="120"/><WalkingTime start="STATION-14" end="STATION-9" traveltime="135"/><WalkingTime start="STATION-15" end="STATION-9" traveltime="123"/><WalkingTime start="STATION-16" end="STATION-9" traveltime="96"/><WalkingTime start="STATION-17" end="STATION-9" traveltime="66"/><WalkingTime start="STATION-18" end="STATION-9" traveltime="42"/><WalkingTime start="STATION-19" end="STATION-9" traveltime="30"/><WalkingTime start="STATION-20" end="STATION-9" traveltime="42"/><WalkingTime start="STATION-1" end="STATION-10" traveltime="96"/><WalkingTime start="STATION-2" end="STATION-10" traveltime="66"/><WalkingTime start="STATION-3" end="STATION-10" traveltime="42"/><WalkingTime start="STATION-4" end="STATION-10" traveltime="30"/><WalkingTime start="STATION-5" end="STATION-10" traveltime="42"/><WalkingTime start="STATION-6" end="STATION-10" traveltime="66"/><WalkingTime start="STATION-7" end="STATION-10" traveltime="75"/><WalkingTime start="STATION-8" end="STATION-10" traveltime="60"/><WalkingTime start="STATION-9" end="STATION-10" traveltime="30"/><WalkingTime start="STATION-10" end="STATION-10" traveltime="0"/><WalkingTime start="STATION-11" end="STATION-10" traveltime="30"/><WalkingTime start="STATION-12" end="STATION-10" traveltime="60"/><WalkingTime start="STATION-13" end="STATION-10" traveltime="90"/><WalkingTime start="STATION-14" end="STATION-10" traveltime="105"/><WalkingTime start="STATION-15" end="STATION-10" traveltime="96"/><WalkingTime start="STATION-16" end="STATION-10" traveltime="66"/><WalkingTime start="STATION-17" end="STATION-10" traveltime="42"/><WalkingTime start="STATION-18" end="STATION-10" traveltime="30"/><WalkingTime start="STATION-19" end="STATION-10" traveltime="42"/><WalkingTime start="STATION-20" end="STATION-10" traveltime="66"/><WalkingTime start="STATION-1" end="STATION-11" traveltime="66"/><WalkingTime start="STATION-2" end="STATION-11" traveltime="42"/><WalkingTime start="STATION-3" end="STATION-11" traveltime="30"/><WalkingTime start="STATION-4" end="STATION-11" traveltime="42"/><WalkingTime start="STATION-5" end="STATION-11" traveltime="66"/><WalkingTime start="STATION-6" end="STATION-11" traveltime="96"/><WalkingTime start="STATION-7" end="STATION-11" traveltime="105"/><WalkingTime start="STATION-8" end="STATION-11" traveltime="90"/><WalkingTime start="STATION-9" end="STATION-11" traveltime="60"/><WalkingTime start="STATION-10" end="STATION-11" traveltime="30"/><WalkingTime start="STATION-11" end="STATION-11" traveltime="0"/><WalkingTime start="STATION-12" end="STATION-11" traveltime="30"/><WalkingTime start="STATION-13" end="STATION-11" traveltime="60"/><WalkingTime start="STATION-14" end="STATION-11" traveltime="75"/><WalkingTime start="STATION-15" end="STATION-11" traveltime="66"/><WalkingTime start="STATION-16" end="STATION-11" traveltime="42"/><WalkingTime start="STATION-17" end="STATION-11" traveltime="30"/><WalkingTime start="STATION-18" end="STATION-11" traveltime="42"/><WalkingTime start="STATION-19" end="STATION-11" traveltime="66"/><WalkingTime start="STATION-20" end="STATION-11" traveltime="96"/><WalkingTime start="STATION-1" end="STATION-12" traveltime="42"/><WalkingTime start="STATION-2" end="STATION-12" traveltime="30"/><WalkingTime start="STATION-3" end="STATION-12" traveltime="42"/><WalkingTime start="STATION-4" end="STATION-12" traveltime="66"/><WalkingTime start="STATION-5" end="STATION-12" traveltime="96"/><WalkingTime start="STATION-6" end="STATION-12" traveltime="123"/><WalkingTime start="STATION-7" end="STATION-12" traveltime="135"/><WalkingTime start="STATION-8" end="STATION-12" traveltime="120"/><WalkingTime start="STATION-9" end="STATION-12" traveltime="90"/><WalkingTime start="STATION-10" end="STATION-12" traveltime="60"/><WalkingTime start="STATION-11" end="STATION-12" traveltime="30"/><WalkingTime start="STATION-12" end="STATION-12" traveltime="0"/><WalkingTime start="STATION-13" end="STATION-12" traveltime="30"/><WalkingTime start="STATION-14" end="STATION-12" traveltime="48"/><WalkingTime start="STATION-15" end="STATION-12" traveltime="42"/><WalkingTime start="STATION-16" end="STATION-12" traveltime="30"/><WalkingTime start="STATION-17" end="STATION-12" traveltime="42"/><WalkingTime start="STATION-18" end="STATION-12" traveltime="66"/><WalkingTime start="STATION-19" end="STATION-12" traveltime="96"/><WalkingTime start="STATION-20" end="STATION-12" traveltime="123"/><WalkingTime start="STATION-1" end="STATION-13" traveltime="30"/><WalkingTime start="STATION-2" end="STATION-13" traveltime="42"/><WalkingTime start="STATION-3" end="STATION-13" traveltime="66"/><WalkingTime start="STATION-4" end="STATION-13" traveltime="96"/><WalkingTime start="STATION-5" end="STATION-13" traveltime="123"/><WalkingTime start="STATION-6" end="STATION-13" traveltime="153"/><WalkingTime start="STATION-7" end="STATION-13" traveltime="165"/><WalkingTime start="STATION-8" end="STATION-13" traveltime="150"/><WalkingTime start="STATION-9" end="STATION-13" traveltime="120"/><WalkingTime start="STATION-10" end="STATION-13" traveltime="90"/><WalkingTime start="STATION-11" end="STATION-13" traveltime="60"/><WalkingTime start="STATION-12" end="STATION-13" traveltime="30"/><WalkingTime start="STATION-13" end="STATION-13" traveltime="0"/><WalkingTime start="STATION-14" end="STATION-13" traveltime="21"/><WalkingTime start="STATION-15" end="STATION-13" traveltime="30"/><WalkingTime start="STATION-16" end="STATION-13" traveltime="42"/><WalkingTime start="STATION-17" end="STATION-13" traveltime="66"/><WalkingTime start="STATION-18" end="STATION-13" traveltime="96"/><WalkingTime start="STATION-19" end="STATION-13" traveltime="123"/><WalkingTime start="STATION-20" end="STATION-13" traveltime="153"/><WalkingTime start="STATION-1" end="STATION-14" traveltime="48"/><WalkingTime start="STATION-2" end="STATION-14" traveltime="63"/><WalkingTime start="STATION-3" end="STATION-14" traveltime="87"/><WalkingTime start="STATION-4" end="STATION-14" traveltime="114"/><WalkingTime start="STATION-5" end="STATION-14" traveltime="141"/><WalkingTime start="STATION-6" end="STATION-14" traveltime="171"/><WalkingTime start="STATION-7" end="STATION-14" traveltime="183"/><WalkingTime start="STATION-8" end="STATION-14" traveltime="165"/><WalkingTime start="STATION-9" end="STATION-14" traveltime="135"/><WalkingTime start="STATION-10" end="STATION-14" traveltime="105"/><WalkingTime start="STATION-11" end="STATION-14" traveltime="75"/><WalkingTime start="STATION-12" end="STATION-14" traveltime="48"/><WalkingTime start="STATION-13" end="STATION-14" traveltime="21"/><WalkingTime start="STATION-14" end="STATION-14" traveltime="0"/><WalkingTime start="STATION-15" end="STATION-14" traveltime="21"/><WalkingTime start="STATION-16" end="STATION-14" traveltime="48"/><WalkingTime start="STATION-17" end="STATION-14" traveltime="75"/><WalkingTime start="STATION-18" end="STATION-14" traveltime="105"/><WalkingTime start="STATION-19" end="STATION-14" traveltime="135"/><WalkingTime start="STATION-20" end="STATION-14" traveltime="165"/><WalkingTime start="STATION-1" end="STATION-15" traveltime="60"/><WalkingTime start="STATION-2" end="STATION-15" traveltime="66"/><WalkingTime start="STATION-3" end="STATION-15" traveltime="84"/><WalkingTime start="STATION-4" end="STATION-15" traveltime="108"/><WalkingTime start="STATION-5" end="STATION-15" traveltime="135"/><WalkingTime start="STATION-6" end="STATION-15" traveltime="162"/><WalkingTime start="STATION-7" end="STATION-15" traveltime="171"/><WalkingTime start="STATION-8" end="STATION-15" traveltime="153"/><WalkingTime start="STATION-9" end="STATION-15" traveltime="123"/><WalkingTime start="STATION-10" end="STATION-15" traveltime="96"/><WalkingTime start="STATION-11" end="STATION-15" traveltime="66"/><WalkingTime start="STATION-12" end="STATION-15" traveltime="42"/><WalkingTime start="STATION-13" end="STATION-15" traveltime="30"/><WalkingTime start="STATION-14" end="STATION-15" traveltime="21"/><WalkingTime start="STATION-15" end="STATION-15" traveltime="0"/><WalkingTime start="STATION-16" end="STATION-15" traveltime="30"/><WalkingTime start="STATION-17" end="STATION-15" traveltime="60"/><WalkingTime start="STATION-18" end="STATION-15" traveltime="90"/><WalkingTime start="STATION-19" end="STATION-15" traveltime="120"/><WalkingTime start="STATION-20" end="STATION-15" traveltime="150"/><WalkingTime start="STATION-1" end="STATION-16" traveltime="66"/><WalkingTime start="STATION-2" end="STATION-16" traveltime="60"/><WalkingTime start="STATION-3" end="STATION-16" traveltime="66"/><WalkingTime start="STATION-4" end="STATION-16" traveltime="84"/><WalkingTime start="STATION-5" end="STATION-16" traveltime="108"/><WalkingTime start="STATION-6" end="STATION-16" traveltime="135"/><WalkingTime start="STATION-7" end="STATION-16" traveltime="141"/><WalkingTime start="STATION-8" end="STATION-16" traveltime="123"/><WalkingTime start="STATION-9" end="STATION-16" traveltime="96"/><WalkingTime start="STATION-10" end="STATION-16" traveltime="66"/><WalkingTime start="STATION-11" end="STATION-16" traveltime="42"/><WalkingTime start="STATION-12" end="STATION-16" traveltime="30"/><WalkingTime start="STATION-13" end="STATION-16" traveltime="42"/><WalkingTime start="STATION-14" end="STATION-16" traveltime="48"/><WalkingTime start="STATION-15" end="STATION-16" traveltime="30"/><WalkingTime start="STATION-16" end="STATION-16" traveltime="0"/><WalkingTime start="STATION-17" end="STATION-16" traveltime="30"/><WalkingTime start="STATION-18" end="STATION-16" traveltime="60"/><WalkingTime start="STATION-19" end="STATION-16" traveltime="90"/><WalkingTime start="STATION-20" end="STATION-16" traveltime="120"/><WalkingTime start="STATION-1" end="STATION-17" traveltime="84"/><WalkingTime start="STATION-2" end="STATION-17" traveltime="66"/><WalkingTime start="STATION-3" end="STATION-17" traveltime="60"/><WalkingTime start="STATION-4" end="STATION-17" traveltime="66"/><WalkingTime start="STATION-5" end="STATION-17" traveltime="84"/><WalkingTime start="STATION-6" end="STATION-17" traveltime="108"/><WalkingTime start="STATION-7" end="STATION-17" traveltime="114"/><WalkingTime start="STATION-8" end="STATION-17" traveltime="96"/><WalkingTime start="STATION-9" end="STATION-17" traveltime="66"/><WalkingTime start="STATION-10" end="STATION-17" traveltime="42"/><WalkingTime start="STATION-11" end="STATION-17" traveltime="30"/><WalkingTime start="STATION-12" end="STATION-17" traveltime="42"/><WalkingTime start="STATION-13" end="STATION-17" traveltime="66"/><WalkingTime start="STATION-14" end="STATION-17" traveltime="75"/><WalkingTime start="STATION-15" end="STATION-17" traveltime="60"/><WalkingTime start="STATION-16" end="STATION-17" traveltime="30"/><WalkingTime start="STATION-17" end="STATION-17" traveltime="0"/><WalkingTime start="STATION-18" end="STATION-17" traveltime="30"/><WalkingTime start="STATION-19" end="STATION-17" traveltime="60"/><WalkingTime start="STATION-20" end="STATION-17" traveltime="90"/><WalkingTime start="STATION-1" end="STATION-18" traveltime="108"/><WalkingTime start="STATION-2" end="STATION-18" traveltime="84"/><WalkingTime start="STATION-3" end="STATION-18" traveltime="66"/><WalkingTime start="STATION-4" end="STATION-18" traveltime="60"/><WalkingTime start="STATION-5" end="STATION-18" traveltime="66"/><WalkingTime start="STATION-6" end="STATION-18" traveltime="84"/><WalkingTime start="STATION-7" end="STATION-18" traveltime="87"/><WalkingTime start="STATION-8" end="STATION-18" traveltime="66"/><WalkingTime start="STATION-9" end="STATION-18" traveltime="42"/><WalkingTime start="STATION-10" end="STATION-18" traveltime="30"/><WalkingTime start="STATION-11" end="STATION-18" traveltime="42"/><WalkingTime start="STATION-12" end="STATION-18" traveltime="66"/><WalkingTime start="STATION-13" end="STATION-18" traveltime="96"/><WalkingTime start="STATION-14" end="STATION-18" traveltime="105"/><WalkingTime start="STATION-15" end="STATION-18" traveltime="90"/><WalkingTime start="STATION-16" end="STATION-18" traveltime="60"/><WalkingTime start="STATION-17" end="STATION-18" traveltime="30"/><WalkingTime start="STATION-18" end="STATION-18" traveltime="0"/><WalkingTime start="STATION-19" end="STATION-18" traveltime="30"/><WalkingTime start="STATION-20" end="STATION-18" traveltime="60"/><WalkingTime start="STATION-1" end="STATION-19" traveltime="135"/><WalkingTime start="STATION-2" end="STATION-19" traveltime="108"/><WalkingTime start="STATION-3" end="STATION-19" traveltime="84"/><WalkingTime start="STATION-4" end="STATION-19" traveltime="66"/><WalkingTime start="STATION-5" end="STATION-19" traveltime="60"/><WalkingTime start="STATION-6" end="STATION-19" traveltime="66"/><WalkingTime start="STATION-7" end="STATION-19" traveltime="63"/><WalkingTime start="STATION-8" end="STATION-19" traveltime="42"/><WalkingTime start="STATION-9" end="STATION-19" traveltime="30"/><WalkingTime start="STATION-10" end="STATION-19" traveltime="42"/><WalkingTime start="STATION-11" end="STATION-19" traveltime="66"/><WalkingTime start="STATION-12" end="STATION-19" traveltime="96"/><WalkingTime start="STATION-13" end="STATION-19" traveltime="123"/><WalkingTime start="STATION-14" end="STATION-19" traveltime="135"/><WalkingTime start="STATION-15" end="STATION-19" traveltime="120"/><WalkingTime start="STATION-16" end="STATION-19" traveltime="90"/><WalkingTime start="STATION-17" end="STATION-19" traveltime="60"/><WalkingTime start="STATION-18" end="STATION-19" traveltime="30"/><WalkingTime start="STATION-19" end="STATION-19" traveltime="0"/><WalkingTime start="STATION-20" end="STATION-19" traveltime="30"/><WalkingTime start="STATION-1" end="STATION-20" traveltime="162"/><WalkingTime start="STATION-2" end="STATION-20" traveltime="135"/><WalkingTime start="STATION-3" end="STATION-20" traveltime="108"/><WalkingTime start="STATION-4" end="STATION-20" traveltime="84"/><WalkingTime start="STATION-5" end="STATION-20" traveltime="66"/><WalkingTime start="STATION-6" end="STATION-20" traveltime="60"/><WalkingTime start="STATION-7" end="STATION-20" traveltime="48"/><WalkingTime start="STATION-8" end="STATION-20" traveltime="30"/><WalkingTime start="STATION-9" end="STATION-20" traveltime="42"/><WalkingTime start="STATION-10" end="STATION-20" traveltime="66"/><WalkingTime start="STATION-11" end="STATION-20" traveltime="96"/><WalkingTime start="STATION-12" end="STATION-20" traveltime="123"/><WalkingTime start="STATION-13" end="STATION-20" traveltime="153"/><WalkingTime start="STATION-14" end="STATION-20" traveltime="165"/><WalkingTime start="STATION-15" end="STATION-20" traveltime="150"/><WalkingTime start="STATION-16" end="STATION-20" traveltime="120"/><WalkingTime start="STATION-17" end="STATION-20" traveltime="90"/><WalkingTime start="STATION-18" end="STATION-20" traveltime="60"/><WalkingTime start="STATION-19" end="STATION-20" traveltime="30"/><WalkingTime start="STATION-20" end="STATION-20" traveltime="0"/></WalkingTimes><Variants><Variant id="VARIANT-1"><WorkSteps><WorkStep id="WORKSTEP-V1-S1" location="STATION-1" automatic="False"><Duration>100</Duration></WorkStep><WorkStep id="WORKSTEP-V1-S2" location="STATION-2" automatic="False"><Duration>100</Duration></WorkStep><WorkStep id="WORKSTEP-V1-S3" location="STATION-3" automatic="False"><Duration>100</Duration></WorkStep><WorkStep id="AUTOWORKSTEP-V1-S4" location="STATION-4" automatic="True"><Duration>80</Duration><SetupTime>10</SetupTime><TakedownTime>10</TakedownTime></WorkStep><WorkStep id="WORKSTEP-V1-S5" location="STATION-5" automatic="False"><Duration>100</Duration></WorkStep><WorkStep id="WORKSTEP-V1-S6" location="STATION-6" automatic="False"><Duration>100</Duration></WorkStep><WorkStep id="WORKSTEP-V1-S7" location="STATION-7" automatic="False"><Duration>100</Duration></WorkStep><WorkStep id="AUTOWORKSTEP-V1-S8" location="STATION-8" automatic="True"><Duration>80</Duration><SetupTime>10</SetupTime><TakedownTime>10</TakedownTime></WorkStep><WorkStep id="WORKSTEP-V1-S9" location="STATION-9" automatic="False"><Duration>100</Duration></WorkStep><WorkStep id="WORKSTEP-V1-S10" location="STATION-10" automatic="False"><Duration>100</Duration></WorkStep><WorkStep id="WORKSTEP-V1-S11" location="STATION-11" automatic="False"><Duration>100</Duration></WorkStep><WorkStep id="WORKSTEP-V1-S12" location="STATION-12" automatic="False"><Duration>100</Duration></WorkStep><WorkStep id="WORKSTEP-V1-S13" location="STATION-13" automatic="False"><Duration>100</Duration></WorkStep><WorkStep id="WORKSTEP-V1-S14" location="STATION-14" automatic="False"><Duration>100</Duration></WorkStep><WorkStep id="WORKSTEP-V1-S15" location="STATION-15" automatic="False"><Duration>100</Duration></WorkStep><WorkStep id="WORKSTEP-V1-S16" location="STATION-16" automatic="False"><Duration>100</Duration></WorkStep><WorkStep id="WORKSTEP-V1-S17" location="STATION-17" automatic="False"><Duration>100</Duration></WorkStep><WorkStep id="WORKSTEP-V1-S18" location="STATION-18" automatic="False"><Duration>100</Duration></WorkStep><WorkStep id="AUTOWORKSTEP-V1-S19" location="STATION-19" automatic="True"><Duration>80</Duration><SetupTime>10</SetupTime><TakedownTime>10</TakedownTime></WorkStep><WorkStep id="WORKSTEP-V1-S20" location="STATION-20" automatic="False"><Duration>100</Duration></WorkStep></WorkSteps></Variant></Variants><ProcessingUnits><ProcessingUnit type="STATION" id="STATION-1" lane="1" position="1"/><ProcessingUnit type="BUFFER" id="BUFFER-1" lane="1" position="1" capacity="1"/><ProcessingUnit type="STATION" id="STATION-2" lane="1" position="2"/><ProcessingUnit type="BUFFER" id="BUFFER-2" lane="1" position="2" capacity="1"/><ProcessingUnit type="STATION" id="STATION-3" lane="1" position="3"/><ProcessingUnit type="BUFFER" id="BUFFER-3" lane="1" position="3" capacity="1"/><ProcessingUnit type="STATION" id="STATION-4" lane="1" position="4"/><ProcessingUnit type="BUFFER" id="BUFFER-4" lane="1" position="4" capacity="1"/><ProcessingUnit type="STATION" id="STATION-5" lane="1" position="5"/><ProcessingUnit type="BUFFER" id="BUFFER-5" lane="1" position="5" capacity="1"/><ProcessingUnit type="STATION" id="STATION-6" lane="1" position="6"/><ProcessingUnit type="BUFFER" id="BUFFER-6" lane="1" position="6" capacity="1"/><ProcessingUnit type="STATION" id="STATION-7" lane="1" position="7"/><ProcessingUnit type="BUFFER" id="BUFFER-7" lane="1" position="7" capacity="1"/><ProcessingUnit type="STATION" id="STATION-8" lane="1" position="8"/><ProcessingUnit type="BUFFER" id="BUFFER-8" lane="1" position="8" capacity="1"/><ProcessingUnit type="STATION" id="STATION-9" lane="1" position="9"/><ProcessingUnit type="BUFFER" id="BUFFER-9" lane="1" position="9" capacity="1"/><ProcessingUnit type="STATION" id="STATION-10" lane="1" position="10"/><ProcessingUnit type="BUFFER" id="BUFFER-10" lane="1" position="10" capacity="1"/><ProcessingUnit type="STATION" id="STATION-11" lane="2" position="1"/><ProcessingUnit type="BUFFER" id="BUFFER-11" lane="2" position="1" capacity="1"/><ProcessingUnit type="STATION" id="STATION-12" lane="2" position="2"/><ProcessingUnit type="BUFFER" id="BUFFER-12" lane="2" position="2" capacity="1"/><ProcessingUnit type="STATION" id="STATION-13" lane="2" position="3"/><ProcessingUnit type="BUFFER" id="BUFFER-13" lane="2" position="3" capacity="1"/><ProcessingUnit type="STATION" id="STATION-14" lane="2" position="4"/><ProcessingUnit type="BUFFER" id="BUFFER-14" lane="2" position="4" capacity="1"/><ProcessingUnit type="STATION" id="STATION-15" lane="2" position="5"/><ProcessingUnit type="BUFFER" id="BUFFER-15" lane="2" position="5" capacity="1"/><ProcessingUnit type="STATION" id="STATION-16" lane="2" position="6"/><ProcessingUnit type="BUFFER" id="BUFFER-16" lane="2" position="6" capacity="1"/><ProcessingUnit type="STATION" id="STATION-17" lane="2" position="7"/><ProcessingUnit type="BUFFER" id="BUFFER-17" lane="2" position="7" capacity="1"/><ProcessingUnit type="STATION" id="STATION-18" lane="2" position="8"/><ProcessingUnit type="BUFFER" id="BUFFER-18" lane="2" position="8" capacity="1"/><ProcessingUnit type="STATION" id="STATION-19" lane="2" position="9"/><ProcessingUnit type="BUFFER" id="BUFFER-19" lane="2" position="9" capacity="1"/><ProcessingUnit type="STATION" id="STATION-20" lane="2" position="10"/></ProcessingUnits></FlowShopConfiguration>